Date,Open,High,Low,Close,Volume,Change
2022/1/3,36321.59,36595.82,36246.45,36585.06,436598443,3.470065253
2022/1/4,36636,36934.84,36636,36799.65,543039217,214.59
2022/1/5,36722.6,36952.65,36400.39,36407.11,539088106,-392.54
2022/1/6,36409.05,36464.19,36200.68,36236.47,449741445,-170.64
2022/1/7,36249.59,36382.84,36111.53,36231.66,406797595,-4.81
2022/1/10,36175.21,36175.21,35639.91,36068.87,488023456,-162.79
2022/1/11,36058.85,36271.47,35769.38,36252.02,421210623,183.15
2022/1/12,36336.16,36453.49,36168.15,36290.32,361798146,38.3
2022/1/13,36312.49,36513.88,36044.22,36113.62,395636110,-176.7
2022/1/14,35996.43,35996.43,35641.49,35911.81,439707231,-201.81
2022/1/18,35661.76,35661.76,35262.02,35368.47,490284707,-543.34
2022/1/19,35412.3,35547.83,35015.49,35028.65,443735245,-339.82
2022/1/20,35102.66,35490.2,34670.12,34715.39,429729331,-313.26
2022/1/21,34701.69,34896.67,34229.55,34265.37,593443286,-450.02
2022/1/24,34070.61,34420.99,33150.33,34364.5,768621756,99.13
2022/1/25,34186.64,34591.04,33545.52,34297.73,607002705,-66.77
2022/1/26,34520.82,34815.67,33876.48,34168.09,620827829,-129.64
2022/1/27,34261.75,34773.32,34007.78,34160.78,597909180,-7.31
2022/1/28,34135.24,34731.77,33807.51,34725.47,626107251,564.69
2022/1/31,34691.17,35148.14,34496.1,35131.86,541194328,406.39
2022/2/1,35151.47,35441.09,34977.95,35405.24,479954926,273.38
2022/2/2,35378.19,35679.2,35290.12,35629.33,427396514,224.09
2022/2/3,35520.08,35535.94,35071.06,35111.16,430259974,-518.17
2022/2/4,35095.74,35333.55,34799.08,35089.74,400793221,-21.42
2022/2/7,35108.38,35325.01,34993.98,35091.13,394775875,1.39
2022/2/8,35160.68,35544.89,35090.42,35462.78,432972715,371.65
2022/2/9,35614.9,35824.28,35614.9,35768.06,421274330,305.28
2022/2/10,35630.81,35800.24,35100.72,35241.59,478651056,-526.47
2022/2/11,35267.89,35431.15,34620.52,34738.06,477808044,-503.53
2022/2/14,34694.5,34744.56,34304.28,34566.17,445148572,-171.89
2022/2/15,34686.19,35047.79,34686.19,34988.84,359542132,422.67
2022/2/16,34951.83,35042.09,34642.64,34934.27,351306790,-54.57
2022/2/17,34858.47,34858.47,34246.23,34312.03,389158484,-622.24
2022/2/18,34310.45,34423.58,33976.18,34079.18,457375432,-232.85
2022/2/22,33974.09,34024.74,33364.29,33596.61,500105667,-482.57
2022/2/23,33680.97,33832.59,33084.9,33131.76,421224713,-464.85
2022/2/24,32830.33,33269.34,32272.64,33223.83,673343191,92.07
2022/2/25,33277.22,34095.74,33277.22,34058.75,475477113,834.92
2022/2/28,33870.62,33963.63,33469.31,33892.6,524132660,-166.15
2022/3/1,33813.48,33870.14,33107.67,33294.95,503166939,-597.65
2022/3/2,33379.51,34013.67,33379.51,33891.35,472111450,596.4
2022/3/3,33972.87,34179.07,33641.53,33794.66,424911715,-96.69
2022/3/4,33655.43,33655.43,33254.12,33614.8,482475277,-179.86
2022/3/7,33579.75,33579.75,32806.15,32817.38,581146275,-797.42
2022/3/8,32885.17,33402.98,32578.73,32632.64,653514090,-184.74
2022/3/9,32860.42,33457.28,32860.42,33286.25,507633430,653.61
2022/3/10,33106.77,33236.59,32819.76,33174.07,462887778,-112.18
2022/3/11,33279.72,33515.61,32911.89,32944.19,432875928,-229.88
2022/3/14,33000.37,33395.59,32818.16,32945.24,475399572,1.05
2022/3/15,32989.27,33620.84,32989.27,33544.34,466327845,599.1
2022/3/16,33653.93,34075.94,33391.24,34063.1,492932033,518.76
2022/3/17,33995.39,34483.92,33896.06,34480.76,399761144,417.66
2022/3/18,34466.72,34755.2,34279.83,34754.93,704812266,274.17
2022/3/21,34669.85,34808.28,34341.81,34552.99,472925514,-201.94
2022/3/22,34583.24,34882.03,34583.24,34807.46,419366656,254.47
2022/3/23,34748.84,34748.84,34352.96,34358.5,398765941,-448.96
2022/3/24,34406.81,34713.56,34355.42,34707.94,365854858,349.44
2022/3/25,34702.39,34942.7,34631.52,34861.24,323036635,153.3
2022/3/28,34833.03,34957.93,34552.23,34955.89,341647029,94.65
2022/3/29,35114.35,35372.26,35030.07,35294.19,419804272,338.3
2022/3/30,35273.63,35361.36,35058.58,35228.81,369842941,-65.38
2022/3/31,35201.52,35201.52,34677.99,34678.35,484697596,-550.46
2022/4/1,34740.89,34847.91,34538.25,34818.27,379142886,139.92
2022/4/4,34799.98,34940.78,34615.38,34921.88,350557123,103.61
2022/4/5,34876.33,35112.21,34566.04,34641.18,344602811,-280.7
2022/4/6,34520.34,34609.84,34277.17,34496.51,434859407,-144.67
2022/4/7,34439.24,34705.83,34190.95,34583.57,384117327,87.06
2022/4/8,34569.24,34908.46,34470.19,34721.12,351166379,137.55
2022/4/11,34630.27,34701.34,34272.29,34308.08,376083928,-413.04
2022/4/12,34412.51,34669.97,34102.81,34220.36,373804662,-87.72
2022/4/13,34166.64,34598.36,34140.64,34564.59,341268894,344.23
2022/4/14,34628.46,34889.17,34437.5,34451.23,388476298,-113.36
2022/4/18,34411.49,34618.29,34279.08,34411.69,298634820,-39.54
2022/4/19,34394.62,34983.11,34394.62,34911.2,350685346,499.51
2022/4/20,34962.67,35315.4,34962.67,35160.79,378536991,249.59
2022/4/21,35432,35521,34752,34792.76,412438664,-368.03
2022/4/22,34727.38,34727.38,33773.39,33811.4,415964010,-981.36
2022/4/25,33731.65,34106.01,33323.37,34049.46,477810060,238.06
2022/4/26,33907.49,33909.51,33230.95,33240.18,456006869,-809.28
2022/4/27,33450.92,33697.18,33108.89,33301.93,507356836,61.75
2022/4/28,33425.96,34054.79,33248.46,33916.39,510766945,614.46
2022/4/29,33787.01,33919.59,32913.15,32977.21,552952031,-939.18
2022/5/2,32978.49,33224.95,32449.87,33061.5,516891401,84.29
2022/5/3,33086.09,33341.58,32914.75,33128.79,425820730,67.29
2022/5/4,33171.8,34117.74,33021.84,34061.06,479098068,932.27
2022/5/5,33854.17,33854.17,32685.1,32997.97,507031169,-1063.09
2022/5/6,32773.88,33055.84,32474.69,32899.37,457941820,-98.6
2022/5/9,32685.17,32685.17,32121.98,32245.7,535207901,-653.67
2022/5/10,32504.09,32752.17,31887.89,32160.74,493371858,-84.96
2022/5/11,32123.24,32584.02,31798.86,31834.11,521732651,-326.63
2022/5/12,31699.04,31914.46,31228.22,31730.3,596967045,-103.81
2022/5/13,31963.86,32276.05,31862.79,32196.66,430464201,466.36
2022/5/16,32152.15,32514.02,31928.18,32223.42,373751022,26.76
2022/5/17,32427,32689.14,32308.15,32654.59,425402921,431.17
2022/5/18,32468.67,32468.67,31393.95,31490.07,508465869,-1164.52
2022/5/19,31262.62,31569.13,31016.41,31253.13,554268268,-236.94
2022/5/20,31426.94,31515.78,30635.76,31261.9,551025623,8.77
2022/5/23,31395.89,31968.42,31395.89,31880.24,452693827,618.34
2022/5/24,31717.61,32014.86,31365.59,31928.62,428527626,48.38
2022/5/25,31816.31,32254.44,31754.33,32120.28,392989139,191.66
2022/5/26,32248.17,32774.14,32248.17,32637.19,395343889,516.91
2022/5/27,32735.09,33213.62,32682.01,33212.96,369091013,575.77
2022/5/31,33160.59,33240.22,32752.34,32990.12,640857432,-222.84
2022/6/1,33156.31,33272.34,32584.76,32813.23,344779544,-176.89
2022/6/2,32809.01,33248.61,32509.43,33248.28,350437139,435.05
2022/6/3,32986.32,33135.61,32839.21,32899.7,327416082,-348.58
2022/6/6,33032.04,33235.37,32819.5,32915.78,289294618,16.08
2022/6/7,32783.03,33207.45,32641.85,33180.14,327463783,264.36
2022/6/8,33087.07,33156.5,32824.37,32910.9,314420559,-269.24
2022/6/9,32828.62,32956.73,32267.78,32272.79,331546530,-638.11
2022/6/10,32053.52,32053.52,31387.84,31392.79,411949075,-880
2022/6/13,31144.91,31144.91,30373.72,30516.74,526922052,-876.05
2022/6/14,30592.34,30690.8,30144.23,30364.83,412780415,-151.91
2022/6/15,30570.5,31011.97,30185.08,30668.53,440936390,303.7
2022/6/16,30305.74,30305.74,29740.35,29927.07,489307531,-741.46
2022/6/17,29912.7,30167.52,29653.29,29888.78,788325339,-38.29
2022/6/21,30074.69,30653.98,30074.69,30530.25,427754260,641.47
2022/6/22,30352.57,30777.92,30166.01,30483.13,387920496,-47.12
2022/6/23,30570.33,30715.63,30293.4,30677.36,408588705,194.23
2022/6/24,30846.94,31517.29,30846.94,31500.68,509039151,823.32
2022/6/27,31533.6,31598.59,31351.37,31438.26,348046200,-62.42
2022/6/28,31549.05,31885.09,30934.33,30946.99,395277656,-491.27
2022/6/29,31067.41,31152.96,30894.53,31029.31,305796090,82.32
2022/6/30,30790,30979.85,30431.87,30775.43,461856685,-253.88
2022/7/1,30737.77,31139.35,30487.79,31097.26,350901000,321.83
2022/7/5,30903.12,30971.74,30355.12,30967.82,376568685,-129.44
2022/7/6,30957.3,31224.69,30794.84,31037.68,341281472,69.86
2022/7/7,31190.65,31421.84,31154.64,31384.55,332059718,346.87
2022/7/8,31348.43,31511.46,31212.45,31338.15,266469595,-46.4
2022/7/11,31277.98,31367.55,31114.4,31173.84,272135315,-164.31
2022/7/12,31113.31,31346.1,30860.51,30981.33,354141591,-192.51
2022/7/13,30743.63,30979.17,30514.61,30772.79,321953031,-208.54
2022/7/14,30451.8,30680.12,30143.93,30630.17,362360877,-142.62
2022/7/15,30775.37,31288.26,30775.37,31288.26,338528481,658.09
2022/7/18,31475.98,31644.68,30982.97,31072.61,311198805,-215.65
2022/7/19,31165.91,31842.25,31165.91,31827.05,381296480,754.44
2022/7/20,31829.99,31944.45,31646.95,31874.84,319625781,47.79
2022/7/21,31826.49,32040.63,31534.08,32036.9,304723961,162.06
2022/7/22,32167.92,32219.25,31731.47,31899.29,321305304,-137.61
2022/7/25,31950.93,32029.03,31821.67,31990.04,265766390,90.75
2022/7/26,31950.04,31950.04,31705.36,31761.54,334491551,-228.5
2022/7/27,31865.05,32336.23,31799.43,32197.59,368000418,436.05
2022/7/28,32197.62,32609.54,31982.61,32529.63,353759297,332.04
2022/7/29,32515.62,32910.18,32493.02,32845.13,490626216,315.5
2022/8/1,32755.71,32972.03,32640.79,32798.4,325871189,-46.73
2022/8/2,32691.29,32772.93,32387.12,32396.17,320936433,-402.23
2022/8/3,32514.21,32912.74,32514.21,32812.5,343295632,416.33
2022/8/4,32805.69,32829.22,32652.63,32726.82,319099530,-85.68
2022/8/5,32593.9,32814.61,32489.62,32803.47,276515010,76.65
2022/8/8,32877.36,33109.96,32769.1,32832.54,279502059,29.07
2022/8/9,32807.36,32877.53,32702.66,32774.41,283763882,-58.13
2022/8/10,33130.63,33364.41,33130.63,33309.51,319158022,535.1
2022/8/11,33451.51,33651.8,33289.83,33336.67,310650630,27.16
2022/8/12,33430.72,33767.09,33398.32,33761.05,301347691,424.38
2022/8/15,33710.7,33954.71,33582.96,33912.44,264025541,151.39
2022/8/16,33924.35,34281.36,33852.57,34152.01,292106975,239.57
2022/8/17,34029.55,34161.01,33828.41,33980.32,286440403,-171.69
2022/8/18,33981.86,34043.83,33844.46,33999.04,284393452,18.72
2022/8/19,33904.69,33904.69,33627.09,33706.74,299066404,-292.3
2022/8/22,33586.59,33586.59,33007.63,33063.61,310655878,-643.13
2022/8/23,33033.52,33138.26,32858.89,32909.59,255078160,-154.02
2022/8/24,32899.01,33095.5,32828.56,32969.23,259734294,59.64
2022/8/25,33029.27,33306.09,32889.85,33291.78,308882375,322.55
2022/8/26,33293.43,33364.7,32278.22,32283.4,353722890,-1008.38
2022/8/29,32188,32325.16,31972.79,32098.99,320328827,-184.41
2022/8/30,32163.84,32205.66,31647.22,31790.87,330487525,-308.12
2022/8/31,31827.15,31966.04,31509.59,31510.43,395791149,-280.44
2022/9/1,31454.58,31677.51,31219.75,31656.42,340333015.7,145.99
2022/9/2,31848.5,32026.9,31182.09,31318.44,306509704,-337.98
2022/9/6,31343.79,31463.89,31048.46,31145.3,349251416,-173.14
2022/9/7,31145.63,31644.34,31095.21,31581.28,355462933,435.98
2022/9/8,31481.95,31783.37,31321.5,31774.52,344817750,193.24
2022/9/9,31876.22,32227.74,31876.22,32151.71,312658451,377.19
2022/9/12,32159.49,32504.04,32159.49,32381.34,344256236,229.63
2022/9/13,32006.5,32006.5,31018.54,31104.97,435546780,-1276.37
2022/9/14,31141.02,31276.82,30885.02,31135.09,354389873,30.12
2022/9/15,31124.68,31277.69,30882.08,30961.82,349847879,-173.27
2022/9/16,30866.61,30866.61,30550.08,30822.42,627183046,-139.4
2022/9/19,30722.86,31026.89,30559.37,31019.68,297103102,197.26
2022/9/20,30888.53,30888.53,30465.91,30706.23,321727349,-313.45
2022/9/21,30819.39,31020.79,30181.99,30183.78,356306903,-522.45
2022/9/22,30204.52,30302.28,29994.53,30076.68,335769833,-107.1
2022/9/23,29955.65,29955.65,29250.47,29590.41,389920073,-486.27
2022/9/26,29536.84,29630.77,29161.12,29260.81,374813094,-329.6
2022/9/27,29419.88,29659.12,28958.22,29134.99,356299259,-125.82
2022/9/28,29198.92,29811.78,29114.97,29683.74,439769945,548.75
2022/9/29,29513.73,29513.73,28997.34,29225.61,395319566,-458.13
2022/9/30,29123.03,29355.78,28715.85,28725.51,467447554,-500.1
2022/10/3,28855.25,29647.79,28855.25,29490.89,400351325,765.38
2022/10/4,29826.67,30325.05,29826.67,30316.32,379405685,825.43
2022/10/5,30078.36,30454.46,29886.44,30273.87,293025281,-42.45
2022/10/6,30206.13,30329.61,29859.34,29926.94,309524562,-346.93
2022/10/7,29685.27,29685.27,29142.66,29296.79,370733892,-630.15
2022/10/10,29419.09,29485.82,29010.41,29202.88,318747441,-93.91
2022/10/11,29085.2,29608.42,29074.23,29239.19,358851780,36.31
2022/10/12,29233.06,29455.12,29136.03,29210.85,307202072,-28.34
2022/10/13,28755.83,30168.54,28660.94,30038.72,473098183,827.87
2022/10/14,30192.21,30428.82,29614.3,29634.83,381327903,-403.89
2022/10/17,30059.58,30311.95,29997.62,30185.82,374729563,550.99
2022/10/18,30786.08,30837.9,30301.83,30523.8,391159153,337.98
2022/10/19,30439.04,30662.11,30226.9,30423.81,316118359,-99.99
2022/10/20,30411.92,30822.96,30265.2,30333.59,333692781,-90.22
2022/10/21,30291.18,31119.27,30206.28,31082.56,421214048,748.97
2022/10/24,31187.32,31603.63,31161.41,31499.62,345945262,417.06
2022/10/25,31463.65,31876.15,31423.53,31836.74,346983953,337.12
2022/10/26,31738.44,32172.42,31738.44,31839.11,431510104,2.37
2022/10/27,32062.14,32388.42,31993.21,32033.28,401358880,194.17
2022/10/28,32204.31,32889.81,32158.38,32861.8,500050199,828.52
2022/10/31,32754.27,32883.86,32586.93,32732.95,394319372,-128.85
2022/11/1,32862.79,32975.48,32485.23,32653.2,326322368,-79.75
2022/11/2,32576.28,33071.93,32139.77,32147.76,401208174,-505.44
2022/11/3,31985.05,32185.71,31727.05,32001.25,358446783,-146.51
2022/11/4,32265.01,32611.52,31938.92,32403.22,425633665,401.97
2022/11/7,32454.1,32895.59,32424.99,32827,341443491,423.78
2022/11/8,32934.56,33355.39,32831.46,33160.83,351177274,333.83
2022/11/9,33004.47,33065.11,32478.87,32513.94,361977695,-646.89
2022/11/10,33263.91,33727.73,33167.82,33715.37,489082224,1201.43
2022/11/11,33797.75,33817.96,33394.43,33747.86,432067718,32.49
2022/11/14,33662.05,33964.3,33533.96,33536.7,360481719,-211.16
2022/11/15,33755.94,33987.06,33320.2,33592.92,392251317,56.22
2022/11/16,33554.93,33682.83,33516.99,33553.83,305861935,-39.09
2022/11/17,33329.27,33616.02,33239.75,33546.32,321993147,-7.51
2022/11/18,33606.59,33827.94,33540.64,33745.69,314808240,199.37
2022/11/21,33760.3,33864.59,33559.18,33700.28,353729034,-45.41
2022/11/22,33810.05,34115.7,33810.05,34098.1,279856397,397.82
2022/11/23,34091.57,34262.07,34004.64,34194.06,237182894,95.96
2022/11/25,34213.04,34386.51,34199.57,34347.03,132181690,152.97
2022/11/28,34275.91,34303.88,33799.35,33849.46,303537409,-497.57
2022/11/29,33847.8,33933.91,33662.45,33852.53,283093962,3.07
2022/11/30,33795.43,34589.77,33583.77,34589.77,554100958,737.24
2022/12/1,34533.59,34595.51,34129.35,34395.01,349874246,-194.76
2022/12/2,34265.45,34483.21,34039.73,34429.88,291280437,34.87
2022/12/5,34335.73,34335.73,33846.81,33947.1,316730600,-482.78
2022/12/6,33936.87,34006.63,33418.59,33596.34,308065247,-350.76
2022/12/7,33556.4,33774.27,33503.67,33597.92,295575359,1.58
2022/12/8,33695.97,33899.17,33642.46,33781.48,273082104,183.56
2022/12/9,33746.71,33844.63,33462.65,33476.46,292806940,-305.02
2022/12/12,33519.5,34005.04,33519.5,34005.04,321450940,528.58
2022/12/13,34268.44,34712.28,33890.88,34108.64,446557733,103.6
2022/12/14,34086.07,34395.65,33704.17,33966.35,345706520,-142.29
2022/12/15,33773,33773,33016.16,33202.22,395761061,-764.13
2022/12/16,33166.46,33166.46,32654.59,32920.46,789267239,-281.76
2022/12/19,32921.45,33038.94,32581.97,32757.54,330825543,-162.92
2022/12/20,32735.24,32992.23,32649.45,32849.74,309631994,92.2
2022/12/21,33028.09,33437.84,33028.09,33376.48,328388241,526.74
2022/12/22,33233.35,33233.35,32573.43,33027.49,342509235,-348.99
2022/12/23,32961.06,33226.14,32814.02,33203.93,221932148,176.44
2022/12/27,33224.23,33387.72,33069.58,33241.56,247056048,37.63
2022/12/28,33264.76,33379.55,32869.15,32875.71,254988084,-365.85
2022/12/29,33021.43,33293.42,33020.35,33220.8,246092457,345.09
2022/12/30,33121.61,33152.55,32847.82,33147.25,296466276,-73.55
2023/1/3,33148.9,33387.52,32850.57,33136.37,358951411,-10.88
2023/1/4,33165.14,33409.1,33033.48,33269.77,385620372,133.4
2023/1/5,33191.72,33191.72,32812.33,32930.08,343028691,-339.69
2023/1/6,33055.3,33710.66,32997.39,33630.61,365807019,700.53
2023/1/9,33664.39,33935.11,33487.66,33517.65,328602398,-112.96
2023/1/10,33516.43,33726.54,33421.8,33704.1,269943626,186.45
2023/1/11,33754.03,33974.69,33711.04,33973.01,302297828,268.91
2023/1/12,34047.86,34292.67,33792.1,34189.97,308605840,216.96
2023/1/13,34075.31,34342.32,33915.49,34302.61,274402048,112.64
2023/1/17,34222.32,34269.97,33860.67,33910.85,355886413,-391.76
2023/1/18,33948.49,34016.53,33269.9,33296.96,355464262,-613.89
2023/1/19,33171.35,33227.49,32982.05,33044.56,321657187,-252.4
2023/1/20,33073.46,33381.95,32948.93,33375.49,371158867,330.93
2023/1/23,33439.56,33782.88,33316.25,33629.56,358080278,254.07
2023/1/24,33444.72,33782.92,33310.56,33733.96,310757130,104.4
2023/1/25,33538.36,33773.09,33273.21,33743.84,345164077,9.88
2023/1/26,33771.66,33953.79,33635.6,33949.41,337434538,205.57
2023/1/27,33952.93,34164.33,33830.85,33978.08,444748375,28.67
2023/1/30,33909.21,34055.29,33695.18,33717.09,350273436,-260.99
2023/1/31,33803.56,34095.23,33664.91,34086.04,360899710,368.95
2023/2/1,34039.6,34334.7,33581.42,34092.96,373274410,6.92
2023/2/2,34129.3,34145.14,33814.78,34053.94,450418447,-39.02
2023/2/3,33926.3,34179.58,33813.86,33926.01,425692306,-127.93
2023/2/6,33874.44,33962.84,33683.58,33891.02,297051674,-34.99
2023/2/7,33769.78,34240,33634.1,34156.69,362844008,265.67
2023/2/8,34132.9,34161.65,33899.79,33949.01,331798754,-207.68
2023/2/9,34105.61,34252.57,33607.13,33699.88,352340883,-249.13
2023/2/10,33671.54,33897.31,33591.99,33869.27,290040929,169.39
2023/2/13,33887.39,34249.6,33887.39,34245.93,304272069,376.66
2023/2/14,34194.09,34331.47,33827.45,34089.27,293168223,-156.66
2023/2/15,34008.63,34130.49,33833.1,34128.05,273467000,38.78
2023/2/16,33992.09,34041.16,33686.59,33696.85,319323817,-431.2
2023/2/17,33677.01,33846.64,33517.73,33826.69,308061616,129.84
2023/2/21,33699.69,33699.69,33115.74,33129.59,350724881,-697.1
2023/2/22,33169.33,33245.97,32948.27,33045.09,326776120,-84.5
2023/2/23,33175.39,33272.4,32795.67,33153.91,290347857,108.82
2023/2/24,32999.19,32999.19,32643.48,32816.92,279628144,-336.99
2023/2/27,32906.16,33189.28,32814.18,32889.09,247086922,72.17
2023/2/28,32873.47,32873.47,32636.43,32656.7,310230592,-232.39
2023/3/1,32656.37,32746.15,32500.71,32661.84,297667890,5.14
2023/3/2,32780.97,33083.45,32665.85,33003.57,319669922,341.73
2023/3/3,33076.33,33405.82,33008.41,33390.97,304499671,387.4
2023/3/6,33425.32,33572.22,33383.47,33431.44,332530856,40.47
2023/3/7,33428.31,33453.25,32838.21,32856.46,302316239,-574.98
2023/3/8,32872.08,32903.44,32612.7,32798.4,244719997,-58.06
2023/3/9,32876.83,32990.46,32190.6,32254.86,319329492,-543.54
2023/3/10,32185.14,32422.1,31783.41,31909.64,400712458,-345.22
2023/3/13,31819.93,32240.35,31624.87,31819.14,431496714,-90.5
2023/3/14,32055.29,32306.59,31805.4,32155.4,396208485,336.26
2023/3/15,31759.87,31906.47,31429.82,31874.57,428767713,-280.83
2023/3/16,31827.65,32281.61,31571.46,32246.55,444690354,371.98
2023/3/17,32217.32,32217.32,31728.7,31861.98,722354381,-384.57
2023/3/20,31872.33,32280.07,31872.33,32244.58,360596493,382.6
2023/3/21,32420.71,32593.68,32346.12,32560.6,369359044,316.02
2023/3/22,32570.19,32761.89,32020.46,32030.11,333705955,-530.49
2023/3/23,32101.49,32511.49,31864.74,32105.25,336280975,75.14
2023/3/24,32038.22,32257.24,31805.18,32237.53,319429769,132.28
2023/3/27,32276.72,32564,32276.72,32432.08,292283697,194.55
2023/3/28,32434.85,32551.01,32295.5,32394.25,250173070,-37.83
2023/3/29,32566.54,32728.04,32539.94,32717.6,318140752,323.35
2023/3/30,32807.43,32905.8,32682.87,32859.03,289270938,141.43
2023/3/31,32901.96,33291,32901.96,33274.15,354753062,415.12
2023/4/3,33245.78,33632.9,33245.78,33601.15,316800581,327
2023/4/4,33594.79,33634.72,33275.62,33402.38,288019521,-198.77
2023/4/5,33394.6,33543.84,33376.27,33482.72,288452635,80.34
2023/4/6,33420.96,33525.96,33325.37,33485.29,258980565,2.57
2023/4/10,33425.25,33590.24,33343.43,33586.52,233152458,101.23
2023/4/11,33586.75,33781.29,33586.75,33684.79,243461792,98.27
2023/4/12,33764.21,33895.43,33593.32,33646.5,260948041,-38.29
2023/4/13,33668.97,34054.99,33605.17,34029.69,278388277,383.19
2023/4/14,33981.71,34082.94,33730.85,33886.47,278693054,-143.22
2023/4/17,33930.46,33991.23,33796.91,33987.18,237068019,100.71
2023/4/18,33965.16,34018.62,33791.89,33976.63,256774245,-10.55
2023/4/19,33889.83,33957.98,33814.65,33897.01,254664048,-79.62
2023/4/20,33740.6,33875.39,33677.74,33786.62,310251427,-110.39
2023/4/21,33793.6,33858.83,33688.57,33808.96,295639532,22.34
2023/4/24,33805.04,33891.15,33726.09,33875.4,260498038,66.44
2023/4/25,33828.34,33875.49,33525.39,33530.83,307900784,-344.57
2023/4/26,33596.34,33645.83,33235.85,33301.87,326049499,-228.96
2023/4/27,33381.66,33859.75,33374.65,33826.16,350636825,524.29
2023/4/28,33797.43,34104.56,33728.37,34098.16,355815900,272
2023/5/1,34116.81,34257.83,34030.14,34051.7,248810228,-46.46
2023/5/2,34017.62,34017.75,33436.66,33684.53,276747396,-367.17
2023/5/3,33726.64,33811.84,33396.05,33414.24,294290727,-270.29
2023/5/4,33347.78,33354.86,32937.5,33127.74,321476862,-286.5
2023/5/5,33248.55,33748.43,33248.55,33674.38,319007629,546.64
2023/5/8,33715.15,33747.49,33509.23,33618.69,231507400,-55.69
2023/5/9,33589.85,33656.4,33509.72,33561.81,235456202,-56.88
2023/5/10,33707.2,33772.09,33239.45,33531.33,279951909,-30.48
2023/5/11,33383.89,33389.88,33127.7,33309.51,307877477,-221.82
2023/5/12,33370.58,33406.4,33110.61,33300.62,228920301,-8.89
2023/5/15,33321.21,33400.3,33161.93,33348.6,224760033,47.98
2023/5/16,33275.37,33290.85,33006.19,33012.14,253965033,-336.46
2023/5/17,33092.48,33472.38,33050.41,33420.77,313601214,408.63
2023/5/18,33374.56,33579.91,33212.09,33535.91,334969507,115.14
2023/5/19,33582.95,33652.9,33336.66,33426.63,316192289,-109.28
2023/5/22,33408.54,33512.3,33207.85,33286.58,272447867,-140.05
2023/5/23,33190.6,33310.17,33013.29,33055.51,295463752,-231.07
2023/5/24,33021.76,33031.75,32752.44,32799.92,255600629,-255.59
2023/5/25,32854.26,32870.43,32586.56,32764.65,371808748,-35.27
2023/5/26,32795.5,33162.06,32795.5,33093.34,343645214,328.69
2023/5/30,33103.65,33132.7,32893.97,33042.78,325106901,-50.56
2023/5/31,32948.71,32984.83,32739.73,32908.27,696483463,-134.51
2023/6/1,32929.85,33167.75,32704.51,33061.57,355324945,153.3
2023/6/2,33187.58,33805,33187.58,33762.76,389552042,701.19
2023/6/5,33771.13,33804.22,33552.79,33562.86,371843384,-199.9
2023/6/6,33547.67,33631.25,33399.69,33573.28,296025484,10.42
2023/6/7,33562.47,33708.78,33546.11,33665.02,351805148,91.74
2023/6/8,33656.98,33873.81,33630.04,33833.61,273129891,168.59
2023/6/9,33852.44,33975.32,33787.16,33876.78,263349293,43.17
2023/6/12,33906.8,34077.84,33878.46,34066.33,310288659,189.55
2023/6/13,34111.08,34310.28,34107.98,34212.12,311171006,145.79
2023/6/14,34044.7,34151.42,33783.55,33979.33,358919866,-232.79
2023/6/15,33945.98,34488.98,33945.98,34408.06,368616854,428.73
2023/6/16,34464.02,34588.68,34285.69,34299.12,656498309,-108.94
2023/6/20,34206.66,34206.66,33915.93,34053.87,344918801,-245.25
2023/6/21,33990.56,34097.93,33876.17,33951.52,328901783,-102.35
2023/6/22,33900.47,34003.56,33835.39,33946.71,279602775,-4.81
2023/6/23,33835.66,33835.66,33646.49,33727.43,383114857,-219.28
2023/6/26,33730.79,33819.49,33610.32,33714.71,267948755,-12.72
2023/6/27,33739.03,33975.65,33730.39,33926.74,297046041,212.03
2023/6/28,33881.38,33903.76,33755.92,33852.66,269788456,-74.08
2023/6/29,33854.57,34147.68,33828.63,34122.42,284108537,269.76
2023/6/30,34269.92,34467.35,34269.92,34407.6,354767016,285.18
2023/7/3,34369.78,34465.6,34286.54,34418.47,161997524,10.87
2023/7/5,34344.72,34376.11,34226.98,34288.64,278496041,-129.83
2023/7/6,34171.39,34171.39,33771.47,33922.26,296499833,-366.38
2023/7/7,33837.07,34036.38,33716.75,33734.88,274961513,-187.38
2023/7/10,33705.68,33958.36,33705.68,33944.4,301758799,209.52
2023/7/11,34056.94,34288.87,33993.01,34261.42,282095096,317.02
2023/7/12,34395.28,34586.94,34308.78,34347.43,336832212,86.01
2023/7/13,34412.31,34482.26,34365.33,34395.14,276915265,47.71
2023/7/14,34425.33,34592.26,34425.33,34509.03,303351157,113.89
2023/7/17,34499.74,34665.15,34418.72,34585.35,360624033,76.32
2023/7/18,34597.08,34986.36,34530.61,34951.93,389103124,366.58
2023/7/19,34991.21,35234.05,34991.21,35061.21,370775693,109.28
2023/7/20,35091.98,35372.77,35091.98,35225.18,343790812,163.97
2023/7/21,35274.32,35340.66,35186.05,35227.69,477187428,2.51
2023/7/24,35230.79,35463.97,35230.79,35411.24,291248515,183.55
2023/7/25,35421.49,35527.57,35365.26,35438.07,310560787,26.83
2023/7/26,35345.99,35633.61,35306.27,35520.12,349771915,82.05
2023/7/27,35558.79,35645.35,35216.58,35282.72,357717778,-237.4
2023/7/28,35443.49,35565.51,35355.15,35459.29,370563575,176.57
2023/7/31,35465.97,35566.95,35430.22,35559.53,335123934,100.24
2023/8/1,35585.99,35679.13,35526.61,35630.68,261775187,71.15
2023/8/2,35551.92,35551.92,35226.26,35282.52,301995275,-348.16
2023/8/3,35194.56,35348.2,35122.32,35215.89,268072077,-66.63
2023/8/4,35230.13,35506.88,35033.76,35065.62,342241473,-150.27
2023/8/7,35125.6,35497.38,35125.6,35473.13,302030595,407.51
2023/8/8,35345.4,35346.64,35007.41,35314.49,308976686,-158.64
2023/8/9,35324.28,35370.89,35058.73,35123.36,324297057,-191.13
2023/8/10,35231.54,35578.58,35107.6,35176.15,342997873,52.79
2023/8/11,35111.36,35354.6,35059.99,35281.4,282288331,105.25
2023/8/14,35273.89,35335.45,35169.97,35307.63,303983656,26.23
2023/8/15,35219.37,35219.37,34908.5,34946.39,326102063,-361.24
2023/8/16,34914.96,35133.56,34757.37,34765.74,339718475,-180.65
2023/8/17,34829.61,34888.48,34440.73,34474.83,404069962,-290.91
2023/8/18,34368.36,34587.07,34263.19,34500.66,326377736,25.83
2023/8/21,34531.28,34570.96,34248.46,34463.69,412914418,-36.97
2023/8/22,34494.17,34514.04,34256.84,34288.83,281518567,-174.86
2023/8/23,34338.59,34534.72,34321,34472.98,372599355,184.15
2023/8/24,34439.83,34694.68,34093.65,34099.42,353446670,-373.56
2023/8/25,34217.06,34441.91,34029.22,34346.9,261775961,247.48
2023/8/28,34441.64,34652.91,34441.64,34559.98,227412268,213.08
2023/8/29,34531.12,34864.42,34531.12,34852.67,265282385,292.69
2023/8/30,34847.8,35025.57,34811.74,34890.24,239485958,37.57
2023/8/31,34909.09,35070.21,34719.77,34721.91,350420162,-168.33
2023/9/1,34876.24,34979.18,34720.7,34837.71,294132512,115.8
2023/9/5,34843.22,34871.26,34635.63,34641.97,286902618,-195.74
2023/9/6,34611.68,34611.68,34291.56,34443.19,309202233,-198.78
2023/9/7,34351.18,34560.86,34351.18,34500.73,392758749,57.54
2023/9/8,34487.41,34627.85,34473.57,34576.59,296556277,75.86
2023/9/11,34650.01,34784.52,34578.59,34663.72,295925412,87.13
2023/9/12,34620.02,34852.61,34560.55,34645.99,320104990,-17.73
2023/9/13,34667.28,34767.11,34509.95,34575.53,298940099,-70.46
2023/9/14,34687.5,34977.97,34687.5,34907.11,308658319,331.58
2023/9/15,34902.04,34902.04,34572.27,34618.24,594814346,-288.87
2023/9/18,34612.29,34725.06,34545.35,34624.3,259435785,6.06
2023/9/19,34571.84,34597.56,34311.69,34517.73,287860368,-106.57
2023/9/20,34575.5,34776.28,34434.29,34440.88,297957332,-76.85
2023/9/21,34332.23,34378.3,34058.72,34070.42,335370895,-370.46
2023/9/22,34077.08,34156.15,33947.24,33963.84,271637529,-106.58
2023/9/25,33907.59,34017.53,33780.67,34006.88,231585605,43.04
2023/9/26,33862.68,33879.93,33569.6,33618.88,282543663,-388
2023/9/27,33682.81,33731.65,33306.3,33550.27,303368775,-68.61
2023/9/28,33519.44,33777.9,33473.5,33666.34,282471481,116.07
2023/9/29,33882.61,33893.68,33407.45,33507.5,322438923,-158.84
2023/10/2,33455.5,33511.91,33219.56,33433.35,276528561,-74.15
2023/10/3,33318.84,33398.54,32916.2,33002.38,296452054,-430.97
2023/10/4,33034.18,33156.45,32873.23,33129.55,290370529,127.17
2023/10/5,33099.23,33174.38,32941.56,33119.57,278815766,-9.98
2023/10/6,33040.7,33557.69,32846.94,33407.58,337664178,288.01
2023/10/9,33259.84,33631.81,33253.69,33604.65,229976281,197.07
2023/10/10,33683.41,33898.22,33604.32,33739.3,256640995,134.65
2023/10/11,33822.2,33882.55,33612.25,33804.87,258627278,65.57
2023/10/12,33845.65,33863.8,33455.6,33631.14,291116957,-173.73
2023/10/13,33733.34,33957.72,33551.58,33670.29,306745701,39.15
2023/10/16,33832.42,34088.98,33832.42,33984.54,274583150,314.25
2023/10/17,33869.84,34147.63,33854.7,33997.65,281541051,13.11
2023/10/18,33960.25,33991.51,33598.64,33665.08,287296363,-332.57
2023/10/19,33669.52,33852.39,33368.58,33414.17,310342216,-250.91
2023/10/20,33365.27,33425.77,33118.12,33127.28,330372707,-286.89
2023/10/23,32993.02,33234.85,32892.19,32936.41,346195549,-190.87
2023/10/24,33089.64,33272.19,32988.43,33141.38,364289302,204.97
2023/10/25,33203.53,33267.91,32989.72,33035.93,357556588,-105.45
2023/10/26,33017.17,33105.03,32743.99,32784.3,385901783,-251.63
2023/10/27,32782.4,32787.56,32327.2,32417.59,379993519,-366.71
2023/10/30,32537.54,33002.97,32537.54,32928.96,301892306,511.37
2023/10/31,33029.11,33070.28,32787.12,33052.87,310658092,123.91
2023/11/1,33081.87,33337.15,33010.85,33274.58,309656721,221.71
2023/11/2,33457.82,33852.96,33450.03,33839.08,320812366,564.5
2023/11/3,33988.83,34163.63,33946.6,34061.32,311932463,222.24
2023/11/6,34092.61,34167.26,33989.72,34095.86,268792617,34.54
2023/11/7,34075.65,34206.98,34026.72,34152.6,285862242,56.74
2023/11/8,34185.92,34252.75,33996.2,34112.27,282794277,-40.33
2023/11/9,34163.71,34167.54,33859.77,33891.94,333027530,-220.33
2023/11/10,34020.82,34310.36,33905.62,34283.1,305324236,391.16
2023/11/13,34259.25,34405.84,34205.81,34337.87,248845725,54.77
2023/11/14,34581.2,34931.01,34581.2,34827.7,333309169,489.83
2023/11/15,34906.72,35051.1,34868.48,34991.21,352372147,163.51
2023/11/16,34868.03,35022.46,34818.03,34945.47,438158282,-45.74
2023/11/17,34964.82,35028.22,34882.82,34947.28,344495355,1.81
2023/11/20,34932.49,35227.48,34907.98,35151.04,339937833,203.76
2023/11/21,35104.84,35118.04,35038.44,35088.29,272476435,-62.75
2023/11/22,35189.33,35315.2,35155.8,35273.03,240509534,184.74
2023/11/24,35299.9,35399.44,35299.9,35390.15,118712774,117.12
2023/11/27,35376.44,35410.37,35280.57,35333.47,263152590,-56.68
2023/11/28,35332.13,35518.67,35307.73,35416.98,263379115,83.51
2023/11/29,35436.8,35579.13,35405.89,35430.42,301275699,13.44
2023/11/30,35596.57,35970.7,35592.22,35950.89,437639049,520.47
2023/12/1,35914.45,36264.85,35914.45,36245.5,333709302,294.61
2023/12/4,36089.38,36238.18,36029.69,36204.44,333822906,-41.06
2023/12/5,36135.65,36164.68,36010.85,36124.56,313943660,-79.88
2023/12/6,36183.73,36292.58,36024.25,36054.43,287597688,-70.13
2023/12/7,36124.17,36164.17,36021.95,36117.38,291764008,62.95
2023/12/8,36084.82,36296.2,36061.64,36247.87,300264519,130.49
2023/12/11,36254.33,36416.18,36231.19,36404.93,343984305,157.06
2023/12/12,36442.1,36596.11,36373.22,36577.94,296759291,173.01
2023/12/13,36601.8,37094.85,36523.59,37090.24,368302232,512.3
2023/12/14,37115.63,37287.5,37051.52,37248.35,460129073,158.11
2023/12/15,37194.5,37347.6,37092.02,37305.16,797352806,56.81
2023/12/18,37330.14,37393.45,37284.85,37306.02,303903935,0.86
2023/12/19,37311.82,37562.83,37311.82,37557.92,278381494,251.9
2023/12/20,37520.13,37641.3,37073.04,37082,309902887,-475.92
2023/12/21,37225.32,37418.76,37127.05,37404.35,263577864,322.35
2023/12/22,37349.27,37534.52,37268.88,37385.97,261852408,-18.38
2023/12/26,37405.9,37617.99,37371.83,37545.33,215972300,159.36
2023/12/27,37518.62,37683.7,37488.6,37656.52,248497828,111.19
2023/12/28,37661.52,37778.85,37650.98,37710.1,202090074,53.58
2023/12/29,37701.63,37759.43,37538.8,37689.54,245115624,-20.56
2024/1/2,37566.22,37790.08,37495.91,37715.04,354082092,25.5
2024/1/3,37629.23,37629.23,37401.85,37430.19,329505536,-284.85
2024/1/4,37425.28,37716.41,37425.28,37440.34,381611976,10.15
2024/1/5,37455.46,37623.62,37323.82,37466.11,301751251,25.77
2024/1/8,37327.37,37692.92,37249.24,37683.01,365010116,216.9
2024/1/9,37523.55,37552.38,37373.3,37525.16,295428275,-157.85
2024/1/10,37552.91,37740.77,37524.4,37695.73,282055770,170.57
2024/1/11,37747.14,37801.9,37424.28,37711.02,306373820,15.29
2024/1/12,37818.05,37825.27,37470.19,37592.98,287904558,-118.04
2024/1/16,37493.54,37543.18,37201.39,37361.12,381204553,-231.86
2024/1/17,37281.86,37371.66,37132.89,37266.67,292684164,-94.45
2024/1/18,37300.81,37522.29,37122.95,37468.61,345048849,201.94
2024/1/19,37572.5,37933.73,37451.71,37863.8,383624881,395.19
2024/1/22,37919.55,38109.2,37911.61,38001.81,351030380,138.01
2024/1/23,37959.79,37980.73,37804.99,37905.45,342349908,-96.36
2024/1/24,37975.37,38064.22,37795.71,37806.39,346008597,-99.06
2024/1/25,37862.57,38057.53,37796.47,38049.13,412923986,242.74
2024/1/26,38006.68,38215.31,37997.77,38109.43,389478029,60.3
2024/1/29,38115.83,38343.93,38061.17,38333.45,317244505,224.02
2024/1/30,38298.23,38497.39,38257.8,38467.31,337031434,133.86
2024/1/31,38426.78,38588.86,38139.66,38150.3,457403550,-317.01
2024/2/1,38175.34,38522.5,38106.84,38519.84,338731681,369.54
2024/2/2,38448.1,38783.62,38336.57,38654.42,387138485,134.58
2024/2/5,38546.77,38633.88,38220.4,38380.12,325369705,-274.3
2024/2/6,38392.9,38545.28,38350.46,38521.36,280663184,141.24
2024/2/7,38613.89,38748.11,38571.01,38677.36,309422122,156
2024/2/8,38702.11,38755.68,38544.36,38726.33,322106288,48.97
2024/2/9,38731.97,38734.28,38567.9,38671.69,607679719,-54.64
2024/2/12,38656.76,38927.08,38628.92,38797.38,280087843,125.69
2024/2/13,38699.17,38699.17,38039.86,38272.75,325245986,-524.63
2024/2/14,38372.67,38442.56,38194.62,38424.27,283866105,151.52
2024/2/15,38397.94,38781.89,38397.94,38773.12,315861091,348.85
2024/2/16,38751.71,38825.03,38583.24,38627.99,293041391,-145.13
2024/2/20,38576.26,38663.09,38460.2,38563.8,345174690,-64.19
2024/2/21,38483.66,38618.03,38338.58,38612.24,289713432,48.44
2024/2/22,38845.19,39149.61,38802.07,39069.11,333051467,456.87
2024/2/23,39127.97,39282.28,39094.36,39131.53,293177978,62.42
2024/2/26,39144.79,39245.89,39025.8,39069.23,270205751,-62.3
2024/2/27,39087.9,39087.9,38881.9,38972.41,254660441,-96.82
2024/2/28,38938.08,38956.46,38741.68,38949.02,255894167,-23.39
2024/2/29,39013.75,39074.13,38809.28,38996.39,481330562,47.37
2024/3/1,38989.51,39120.36,38850.5,39087.38,309347316,90.99
2024/3/4,38968.77,39087.86,38913.3,38989.83,372654641,-97.55
2024/3/5,38906.98,38906.98,38457.83,38585.19,379728343,-404.64
2024/3/6,38721.15,38858.13,38570.8,38661.05,335450319,75.86
2024/3/7,38784.3,38910.35,38730.13,38791.35,322501315,130.3
2024/3/8,38776.8,38971.15,38705.03,38722.69,325592316,-68.66
2024/3/11,38667.21,38794.76,38483.25,38769.66,285909386,46.97
2024/3/12,38883.32,39071.56,38711.39,39005.49,308253353,235.83
2024/3/13,39054.58,39201.94,38937.92,39043.32,311499050,37.83
2024/3/14,39122.39,39160.25,38704.36,38905.66,347511841,-137.66
2024/3/15,38809.65,38928.13,38618.2,38714.77,727712540,-190.89
2024/3/18,38826.93,38898.41,38760.79,38790.43,313559132,75.66
2024/3/19,38819.61,39122.71,38761.28,39110.76,299971244,320.33
2024/3/20,39072.05,39529.13,38988.65,39512.13,337340117,401.37
2024/3/21,39661.03,39889.05,39589.23,39781.37,393752323,269.24
2024/3/22,39774.06,39824.76,39469.53,39475.9,319853417,-305.47
2024/3/25,39410.54,39430.17,39296.03,39313.64,309817362,-162.26
2024/3/26,39338.32,39439.44,39277.19,39282.33,295092779,-31.31
2024/3/27,39461.98,39769.41,39461.98,39760.08,322613231,477.75
2024/3/28,39763.74,39868.59,39717.25,39807.37,385444942,47.29
2024/4/1,39807.93,39815,39491.22,39566.85,286523175,-240.52
2024/4/2,39256.27,39256.27,39051.7,39170.24,647885569,-396.61
2024/4/3,39139.59,39305.76,39017.13,39127.14,735390256,-43.1
2024/4/4,39343.6,39421.35,38559.42,38596.98,333572955,-530.16
2024/4/5,38664.98,39040.17,38602.18,38904.04,289950069,307.06
2024/4/8,38916.42,39013.2,38857.7,38892.8,267687039,-11.24
2024/4/9,38983.66,38992.89,38572.09,38883.67,308061409,-9.13
2024/4/10,38662.28,38662.28,38304.66,38461.51,311681940,-422.16
2024/4/11,38523.26,38598.98,38197.28,38459.08,334838094,-2.43
2024/4/12,38319.14,38319.14,37877.3,37983.24,420854777,-475.84
2024/4/15,38075.38,38386.81,37657.79,37735.11,355805212,-248.13
2024/4/16,37992.22,37992.22,37713.7,37798.97,320078718,63.86
2024/4/17,37949.67,38036.7,37611.56,37753.31,298883317,-45.66
2024/4/18,37847.21,38083.76,37681.52,37775.38,286638088,22.07
2024/4/19,37801.98,38102.57,37781.61,37986.4,384596321,211.02
2024/4/22,38116.89,38447.16,37985.07,38239.98,334134195,253.58
2024/4/23,38356.07,38561.5,38297.72,38503.69,306022116,263.71
2024/4/24,38552.79,38552.79,38310.55,38460.92,325086001,-42.77
2024/4/25,38052.09,38157.22,37754.38,38085.8,383044197,-375.12
2024/4/26,38114.7,38337.64,38065.05,38239.66,365519276,153.86
2024/4/29,38282.16,38406.2,38215.47,38386.09,302674068,146.43
2024/4/30,38337.4,38337.4,37810.12,37815.92,380856465,-570.17
2024/5/1,37845.56,38349.2,37780.54,37903.29,338567991,87.37
2024/5/2,38075.65,38295.29,37895.66,38225.66,341368689,322.37
2024/5/3,38709.36,38808.52,38518.28,38675.68,388192644,450.02
2024/5/6,38762.43,38886.47,38689.38,38852.27,301003502,176.59
2024/5/7,38858.94,38977.61,38840.4,38884.26,348514066,31.99
2024/5/8,38818.9,39094.74,38814.99,39056.39,281079077,172.13
2024/5/9,39064.27,39413.66,38988.85,39387.76,275302558,331.37
2024/5/10,39466.52,39579.88,39406.26,39512.84,269955561,125.08
2024/5/13,39591.28,39647.39,39403.05,39431.51,323135518,-81.33
2024/5/14,39466.76,39616.41,39371.92,39558.11,301481723,126.6
2024/5/15,39615.1,39935.04,39615.1,39908,361098361,349.89
2024/5/16,39912.34,40051.05,39864.68,39869.38,374470532,-38.62
2024/5/17,39911.72,40010.88,39858.86,40003.59,282057160,134.21
2024/5/20,39989.76,40077.4,39787.09,39806.77,254885314,-196.82
2024/5/21,39804.4,39905.8,39778.73,39872.99,301030594,66.22
2024/5/22,39863.33,39890.91,39559.09,39671.04,246567389,-201.95
2024/5/23,39694.95,39694.95,39025.51,39065.26,323820616,-605.78
2024/5/24,39089.23,39220.31,39020.29,39069.59,245756028,4.33
2024/5/28,39028.99,39028.99,38706.14,38852.86,297570276,-216.73
2024/5/29,38716.28,38716.28,38413.67,38441.54,295059688,-411.32
2024/5/30,38368.35,38368.35,38000.96,38111.48,354497931,-330.06
2024/5/31,38140.26,38719.43,38092.27,38686.32,597450402,574.84
2024/6/3,38709.99,38735.61,38247.22,38571.03,307345090,-115.29
2024/6/4,38518.86,38786.62,38397.82,38711.29,298037684,140.26
2024/6/5,38774.82,38844.32,38548.77,38807.33,293213838,96.04
2024/6/6,38825.4,39004.16,38735.99,38886.17,249728502,78.84
2024/6/7,38861.24,39105.23,38751.85,38798.99,256588391,-87.18
2024/6/10,38784.9,38877.86,38665.45,38868.04,318073619,69.05
2024/6/11,38795.71,38795.71,38446.24,38747.42,374155045,-120.62
2024/6/12,38950.65,39120.26,38621.45,38712.21,453837512,-35.21
